{"LIN+CONV": 0.8524974871215657, "NLIN+NCONV": 0.7059483359250157, "NLIN+CONV": 0.7059483359250157, "LIN+NCONV": 0.8524974871215657}