{"LIN+CONV": 0.9667545649063793, "NLIN+NCONV": 0.6857829870547306, "NLIN+CONV": 0.6857829870547306, "LIN+NCONV": 0.9667545649063793}